text,label,
0,the platform is easy to navigate and use.,2
1,i think the assessments could be better structured.,-1
2,i found this class to be very rewarding.,2
3,i am not satisfied with the lab sessions.,-2
4,this course really helped me understand deep learning.,2
0,the platform is easy to navigate and use.,2
1,i think the assessments could be better structured.,-1
2,i found this class to be very rewarding.,2
3,i am not satisfied with the lab sessions.,-2
4,this course really helped me understand deep learning.,2
